age,income,years_employed,credit_score
28.75396591784821,83978.68049501706,7.93690363101158,764.4998213178574
35.82718201863189,69314.54562149545,3.538867548942635,745.594045511391
26.731908946069264,53682.039243822306,8.317353081683553,685.1319537136653
49.72014566490134,67890.28177364392,13.09874136634982,696.4180919069616
25.240411838850953,59537.46036025474,3.8518522666642596,720.3668767819026
25.499779450894188,72800.54315486368,6.646683696228925,679.1341846567905
51.11116148499621,35149.343850056204,6.243060390577643,678.2211806647176
41.61947589430517,57979.17082484699,8.934758925612142,784.6625836055418
20.58649200265946,73473.08310737825,5.753170608504597,584.0457328381002
34.450651337970825,72667.03275517584,6.403432399617522,714.7517141562674
27.97245040178796,57403.21866758087,8.203457622768946,694.6610244269871
26.4675664944118,62342.887537724106,0.0,783.7491937211811
46.57507758021134,61279.303049984286,1.1635817055122448,549.9862597992125
18.0,35133.457465506275,13.44928389299496,693.1347512933398
50.012358638272104,25689.88687642197,8.271897835297324,699.8301460863287
39.04545193086157,73956.9968836811,8.623994620648405,667.3187569756186
19.072057402784722,60801.001833275106,12.169927467376603,759.6553282969797
39.20322829776129,48324.01229375937,3.0562734024380793,634.3904291410386
41.71228011613699,65501.44081724133,0.0,602.6404141260574
36.103957256122186,33539.99691803291,7.1209311258927865,729.0995429053411
33.30280203579622,52934.2316992289,7.3624644987017955,625.7970874897748
49.23559472265033,75059.9380090145,9.097547147693726,630.1965272301148
31.387295749965546,32437.06525815866,0.3418707282238804,650.0134236118055
55.52684981945891,68837.28044674128,2.6067184418083573,600.6366604996525
45.597536108182354,10000.0,3.8749072721900752,720.2250771663159
43.951849819716855,10492.73625804035,4.9866436909913405,739.7863587297627
26.758935007359955,73094.58300312799,7.235962232699563,771.4072314377557
24.86282633559601,88751.4024161284,9.350663467511898,596.7267616930627
28.508768783617423,39896.35683597184,6.97903523832048,693.9001983518257
27.205176032745804,93175.80716913933,6.455844315348984,761.1085990206777
32.29106372929063,50590.50834827363,11.221624787177063,755.5753167459432
39.59385771716612,38428.916931327956,3.1974445286138558,717.8713516449011
19.63915040955276,20583.73683025894,0.0,718.6675152639972
26.005597604309123,15456.2791210082,9.31230397019268,799.964182866779
41.28796293610303,64778.20023515609,5.643059054135684,614.351424702181
29.134843490800357,52337.36256526138,9.247057787310997,785.3644593289245
55.32337024710338,79565.82313866251,0.10184747709136222,712.2263297877745
34.47387906944611,58712.27015381962,12.472203364211353,769.9532446736779
30.905344474876326,65454.396390322545,0.16308891238396317,700.2946864662166
50.434928560145536,62594.85751255921,2.8955428392110005,745.2863775650499
48.960915692447436,49312.96366790883,12.654654787818291,725.6474877836545
42.32639566465491,15575.452119112648,8.287880076988232,662.2577545702546
39.308210030078826,17273.90144033241,8.064304305356199,692.2742989820197
42.93347235199925,62162.07225318432,8.756249916061133,749.1793583205433
53.3738667548752,54306.87297174041,7.691922953427302,710.4811649876821
19.051247359843998,74986.07399404411,5.863059835665836,633.6602537225905
40.460892308314286,25069.855444122008,10.390911244187862,702.5295229059135
23.005981741759648,54936.1143421787,7.1990708817358025,680.5605145495824
40.46667032616485,86692.00379607058,8.290164244473608,674.674681331233
39.49815326556534,59615.455899105546,4.994980146825277,765.3841595174429
51.588971676113125,93909.44911729131,4.2434256218328095,727.5623079043405
28.017473031371388,79049.79558305124,0.0,667.9883933888092
30.968373230699513,32884.554095693864,2.754070052079919,649.853497882527
29.322778567472984,66533.6046825982,6.647049584943639,655.1301505902185
35.14527881937569,74066.07103285563,3.8765855700910294,793.8260569337375
22.411935403156633,67342.67844147171,11.599983143627124,819.7068978771747
40.19660573346503,89846.27692392466,6.071513730033608,624.0913081341139
33.43362102341909,75326.46405081399,6.157147286282201,720.6439928215523
34.10679597299266,51556.296774097515,5.061834403397563,609.5077918055583
57.72991825979389,10000.0,6.966844889532818,754.6004901784165
28.009781468960735,17556.48518258852,8.888284770163994,789.334293603775
37.50297672664839,57623.909786867924,1.73741306217405,591.930389860925
46.175741969331554,71154.1520540287,4.126185056990429,612.5539831234021
23.16240902939805,47363.97671245644,5.56032273036095,679.3697253425651
33.45470517931198,34132.9963276537,3.8164656647885624,667.0423339079384
35.053228604517,45364.907052708266,14.47371404477591,693.9439377448526
31.518302091633252,77576.4892584501,4.0432786726242815,621.271481820626
35.13898209332511,25417.34891716476,4.081636059805973,636.2946321453805
36.36774117316699,82933.40943896383,0.0,729.9835968566025
37.471025648304206,44258.27760763025,4.983143130968732,606.0831586694289
36.4732233048647,55784.558555235126,0.0,655.1712924456504
23.041603544109606,69205.49752942353,3.741414135152415,734.3220824987945
53.768446112816704,49493.81575275891,0.9602131957894251,695.5738356932026
37.95993989687099,40193.41268322576,4.4641398962525525,622.2642455714662
27.707130636263386,53933.14075506544,3.4715388282412167,763.3488257935627
38.19094834023574,120877.08216736297,5.152340560356339,809.6514810799478
42.01663648089567,10000.0,3.9066223268976086,753.9457225807265
44.69804487391745,74403.22946811959,11.360730267564858,691.9756041656116
31.285822639179315,63417.58039344739,7.022418340205973,625.1582386191901
33.220424442543134,94409.79930967954,11.517768691928133,705.0305049357935
31.868460610917193,52129.19106675966,13.720378133973675,668.102924716695
20.019602246089534,22728.20376081151,3.8139799907838863,693.6409988034666
58.558211815981515,86403.95441179343,7.372748507583107,627.7091798219071
40.32129373881438,66654.92881316198,6.422087736011537,670.2999406527832
33.29590342765018,36393.99714721367,5.562084706677581,507.42557575059436
47.609373235629846,48704.56100164017,2.502000189964872,665.6608647692063
41.3690628337221,93547.39510460457,0.6814824257633854,724.7699140095744
38.19400263791229,51549.560280320315,11.588041540178395,688.1548641384538
43.46173463027863,55400.338043670105,6.281886465953916,619.5187689721064
26.89111056191411,84411.47478449227,8.865552963400212,714.4202019785654
26.611438904874824,63453.765826177034,0.0,728.6231623622795
46.059933699072985,62435.352811057266,5.603605632527527,604.9753309696422
44.827395110230576,64898.62609046597,7.132395677397181,653.9230283011841
43.45483108481854,17565.970272011276,6.902293988914294,639.509142190305
31.643926318813538,66799.21690725807,5.3065325784574195,702.8488708616882
32.293262446563055,91285.09766696938,7.305163298215292,765.8233832832586
51.426602934362336,53205.17722541342,6.2316076393077555,697.3325830015453
37.363242820282004,69868.13682556526,3.8128966649843417,665.0293087797146
43.41820066890062,42519.17120241579,3.558553473983077,651.7025798003128
31.906534602797617,41289.36774293897,6.540460412336819,644.8782617238196
31.34530405885775,52478.489272601815,7.906185236954665,791.4262651437947
28.0131956401517,36781.855716000864,4.766008277988535,703.2319013422191
58.37845119172165,57959.16930849584,4.258576145116788,681.2418914157455
25.375273963189144,59297.523472207984,0.0,630.3289605501677
30.41324715060667,64723.10620152767,7.2404115539787455,607.506708321011
64.05067169240407,61497.55248813653,0.5139954342234043,766.4652338227597
39.48324065973159,41158.27686743261,8.937361153887737,677.7793627707155
53.594948076233116,18286.026191457946,0.0,614.5671915292191
45.392536096340606,50379.36823250803,5.565431303819401,570.4536690899998
62.10745527218326,80111.54731838766,5.165604007866539,602.3499589831972
37.559068501042226,46300.830017277105,0.0,665.5961560760957
29.039111003438336,59376.38742093601,4.357760344662392,740.8582212308554
31.564642811743013,46144.05356936758,5.262856730989491,685.9186748886801
24.793769804866628,66670.50183666684,7.010807883227436,719.3452974090854
35.11716417719365,71607.95498215084,8.593715723256178,683.4867904480324
59.17805536116446,71522.47087305528,10.40318070520485,749.7691239271242
35.6767125806271,62029.29723163961,8.118047036346809,670.6644144508572
35.945925329577,61607.75511311964,7.55394773119668,656.806297588001
26.231392218324117,71977.33072070141,4.149815033232697,755.7814746068614
41.21601313120971,52902.85224433933,4.911244402274865,639.7012239744877
19.852452242064608,67490.96851776725,3.3645060884442377,644.6054756522018
39.11171918015963,33961.44356040354,9.053236702009974,608.0812579585569
53.8087630700785,67052.53629759501,7.63644079652016,754.8014628139254
33.36557101475488,50607.376961651695,2.4188809204365067,636.5277539589202
47.352473883102725,36046.45994315246,5.115097397395686,817.372234690793
18.0,63900.131222820244,0.0,659.2882070684196
35.92679446029004,68014.78855314455,6.343065775791353,612.0796626352253
18.0,78654.49721434817,3.90835065988556,674.5641350666614
43.43174310022669,82856.43698633938,1.465400593917499,713.1154776053882
37.704853861101995,62845.14154142297,5.262104859709136,634.4719088286589
18.0,53734.38142166423,11.457131814809022,765.5488898408526
36.3179842701082,75513.7336846693,2.3617484950091274,778.4285932645311
51.9658668297085,49227.70242461012,10.377811005222185,720.1270256365578
38.64534489033262,57866.02337295392,0.0,658.9750786308127
28.819455932147925,62189.74789426352,3.200645348952291,694.8306637420093
28.479254305972056,63569.92957986478,11.185455189244088,669.4415505158313
24.222636419527365,65611.26246263295,3.009914686544979,599.1334411021644
39.0975121962329,73301.57048748441,9.58966877972528,719.726479790968
34.64389263809909,93152.71940884052,12.344331966884802,613.9683403103921
37.858261396025426,41680.95208481416,0.18282881392396533,611.3909392610921
24.379537411534454,79050.55135295803,7.15094188705728,704.355253091719
47.31979403265022,63399.93500139985,13.699747239080903,646.8844774126849
40.22995328247328,37051.89714260613,8.918503967674102,658.4125047631312
38.21046009164836,37746.59362585879,7.21517547059586,608.0599979031908
24.49580056651453,35832.246500314635,8.182761372484052,760.7997962582658
44.091596022138766,63216.31178398912,12.248550793811319,612.5537839268738
36.191239293662775,86575.85479699724,0.0,674.6882598838598
41.4501668931506,18881.84861642358,8.450575341429651,605.4881077621146
36.41656697391026,27307.781039313737,3.145049683249588,752.8409750560436
38.812713900809754,51146.247478263445,7.639371913065072,668.3924982223051
35.280221870258764,53093.04323007888,12.313452275613987,653.1504380145731
24.5215978113018,15083.94545056083,4.0076806900067385,673.2891443297204
36.515169717479786,112976.01227119041,12.086631988187804,714.3921668491204
35.257701936949914,76523.5005017583,10.453637367468685,699.9670932845975
41.55618061171383,54782.72506603608,0.0,644.0003367979817
34.83198842495711,38694.271424109305,0.0,595.7346700563571
28.377551806754074,88007.38335638087,3.7991129942528414,703.2724478698248
28.791786143194113,62909.17297598283,9.058246688116743,669.761181354775
33.31157414797034,67094.998078796,10.076863327902398,684.2612419001855
26.87058904689674,21363.88486744641,6.4310483547052835,650.8665730182589
32.20323168867107,51272.45872086434,6.126178714417725,767.9957907909776
37.551933517560165,74598.58219394376,4.848012436003495,712.872414167904
35.355764769846246,49408.17692964945,5.061527845916409,766.3239950017348
32.56103889822662,80719.94729356567,7.870713509228432,742.9851079565981
24.643462471741884,53333.347460067715,10.080293665719472,701.4983263517555
48.47323241613559,38522.16910597499,6.148334444599403,658.4386510814501
36.096477545740086,31058.91289153527,6.664084203586547,776.8096715269112
21.13557746729807,62663.38045312386,10.778769860228124,614.2906352052302
32.29603444196641,51272.35148078967,8.853293329619866,612.4888074670914
30.219169422461754,65132.118193589115,3.888976888362715,751.4106827714907
36.36602283012701,75468.19554896577,15.721212410933123,717.1631385251493
34.994369028770414,39820.30272013801,0.0,666.6676684897468
39.95272946068598,42833.027999350874,2.972351102782029,742.9449221700959
34.28001407560212,87838.60351707396,15.044694114432486,690.7696016244643
32.156361619599046,64473.43781633603,10.6175515985777,693.1295977376622
24.714957590587304,64378.433036821065,9.315181520642724,659.1078171598663
22.842017014911246,43472.4950489912,2.2093034467866,745.4396531199484
45.03476290877664,74692.82976666524,8.108730162527705,642.7441029108012
37.62749225147139,94506.86235691051,10.178038173085092,663.9598879172088
49.77393664974669,84464.4869127894,9.169604529561614,762.7436205941199
53.39502002822563,53053.38580922979,6.443294097227646,721.9816297061903
40.11513701919191,42675.655080488665,3.4563431144347705,753.735266914222
35.94826859730376,14538.294939338819,8.095859241096178,737.5347975473105
31.218374459606103,37444.87868942847,2.3866800329765123,713.2702450486464
26.444735470914242,27716.922824726193,2.738548830467317,614.3264458964859
42.25707983318722,33699.11260088881,6.6906959079364245,704.0132143562313
24.498278803192896,100608.32623846392,5.283636156530528,730.3405889180435
39.024407533435216,60873.18582303418,10.460118497522824,664.7255706058228
31.382295225558288,40618.29042223076,10.483550652244528,708.8749172035447
24.364402705652825,52480.79134906002,6.904478420582413,746.6871698259797
41.25085201248154,92907.67250953335,13.945058721958112,662.4594996075492
20.228570348875724,58321.8972252042,8.204697526376512,741.953730159607
47.370505418424685,37583.454712775,0.8027534160196916,737.9232398435776
48.043301326604784,39508.70068354266,0.0,629.7465813184874
40.81850439307078,38857.72958717356,5.785593168558155,706.3314467723679
50.79185502981632,74821.33381663,6.892951744699317,656.6800467651572
18.0,44225.762069018645,3.6501961391635214,707.8499805685046
36.087021528134095,72195.2812959216,0.7516716193364372,648.6599795463577
23.74776489620165,68698.76011404039,5.726049861492819,664.0877835481965
38.12539913982579,65797.69974498465,1.4663827998685983,680.0961476148823
20.864826763473474,69400.94820994629,9.953446701014089,627.9373095857729
38.40791408002106,48051.376590276115,8.216144878858097,625.9669064225784
52.52647554550939,26110.413176942187,14.690826494479683,683.6751950153767
40.68409524574819,17754.460639750505,6.181227293938971,741.0742289109512
41.203723939313576,37520.82299754236,5.343056870452489,643.1360039180142
36.730071396522256,41021.67325186657,14.966099556545341,710.5537722989733
38.23990256272145,47779.63130547416,7.547198217698107,643.3674687207664
38.752574781667356,65623.48887367711,11.439183245218981,728.0527543827825
42.75229186850714,43059.96482957904,0.0,688.9581209990813
38.97033300015491,59067.29049391421,7.486369664581212,721.4694684866661
38.72325560060305,52565.11085778173,10.308613641728996,723.3178322248051
43.237531318761825,27344.76787814348,8.692694688625432,563.4213619082911
42.190930460883365,30286.528383700796,9.696925943802356,627.460266014848
34.641752533340444,10000.0,7.251765345959846,673.8499378580821
18.0,33517.25305520192,2.2362384280281407,635.8731909324638
23.9933873576564,68737.33922669712,0.3795338317260235,702.3839050287339
47.004203999102,56476.51766812769,2.3148087354804137,725.2048064702888
26.862272717521222,53945.57247991725,14.350856145180616,642.9755087613177
30.071310521755983,48005.49401374454,2.014774434896131,736.8523662300591
38.398753611927035,53083.310007142856,10.45283240235539,697.4917128633059
46.695381472938834,56921.142782348856,1.137455481605273,756.2957819437164
33.12329009071548,55847.62457392251,15.280921500571422,625.0924210533875
36.48728175920273,70054.93142996677,7.117856446681368,820.5730134845637
18.0,77618.7559251005,10.698268482988572,645.7223817279149
40.7740257751925,52194.32424518802,6.3254797758149435,665.0355255922846
23.750706448978455,67986.98228448314,4.500301327456916,641.1246088893032
18.0,39251.91213401225,2.7228715755987385,701.3471426746664
18.0,31750.67829349447,6.659294522823895,800.0736832105945
31.280854186787103,54158.278967272265,1.4602398647889325,661.8904293290489
43.43936891553356,34340.41548602938,11.183857516114294,716.2007950626781
23.962593022179927,67022.07888040028,4.954330804078929,656.9050887652468
45.904719911385655,21411.52530021432,3.4975627257532262,785.0140209681332
28.715152698632103,73531.20138434117,7.584574337363122,813.1228678710439
24.437550073348042,43495.64319734435,14.621150393158185,663.4688550623501
20.36557998162997,72357.52200130225,11.532458164276957,592.7892512885303
44.61093486120216,35141.75252205436,3.90651301159504,700.5054608814587
30.511223797196152,64044.61498291826,6.824492163135041,577.5502158883569
32.54238499987098,47965.616769566885,3.550696442785209,695.8715144064953
45.790096392361136,61228.58747600129,2.276893819876941,718.912264083259
40.08375325017948,65290.65050748911,5.774555595124318,829.4263921927998
35.34611874185256,85526.0639997288,13.770567625704132,699.8855707320022
18.0,73759.97890106827,18.504691771169952,792.9386893817345
27.346444848796956,76523.47310569171,4.251892964559545,703.1589016452468
30.190833338258592,44569.057605371934,0.34690566174198256,707.6330656780586
29.392458359122543,49948.519240175956,1.0256776298405486,695.5975402490219
35.57410071438158,59113.13281189797,0.0,750.0080631674683
41.03006853426677,67382.35970027506,11.297132768279951,678.0923911894871
44.95490282945318,52150.3515122679,2.6498717022420393,662.5215268071994
18.0,31917.02128826144,8.59133869238227,781.8770527873552
51.36425212341665,71787.93434199822,6.063637139865139,648.1978413622977
30.101477914108496,83142.53051433968,8.199895826508703,721.9196297391438
27.936244978842076,53597.1809652569,3.6655586404669998,613.2840835107482
40.362969691808935,38259.32693552218,4.354292445494924,783.7505915143635
38.29943538657265,89477.87656247723,2.833052773361119,684.0580271460684
18.0,43202.26118604401,6.846130157662079,633.3012035729266
32.79032682213646,42059.04721182546,12.324194735487499,718.5348453340274
50.68206447063832,48515.455001496164,0.0,825.9773770807956
34.71916924895968,84556.72600016546,7.4589165491708185,530.4492429895804
43.03585019378602,41308.3262234429,2.9362162398932328,694.6682363821344
30.883616777837908,63046.30782713232,9.864592123994719,693.7123000046848
30.444721549965696,55754.457933644764,22.604965588158404,684.163022368267
27.059564583011465,51341.78419624585,3.5607182470455117,560.7574099415901
34.01926431467493,47571.47744610721,5.807339270838511,698.3542388769001
37.29387661492459,57601.01504387279,2.383464846919133,728.3474957785312
26.90513681107234,43793.984462037006,0.49925033156692056,648.2288578059316
36.113504293981116,34922.74832764971,6.995484307065828,754.1814150846383
53.16526996140105,74220.55353239812,7.7589655824127135,583.8180036055724
39.60218639435063,77332.65312323213,7.833728675942128,714.2203397758659
28.36826249363235,43055.246713473214,6.006985253801316,611.5752188375975
36.570485674453444,28919.674855441575,7.800980068150194,701.7708947973936
58.826022826840735,22083.97655821972,6.4031343672402325,704.9609978230257
35.97413412957782,64542.39075758941,7.05943803622449,614.2438319901962
34.486571416550305,60247.76873061457,7.1387042611935945,730.890425032658
35.66030697561216,26769.254908476298,7.601577600182897,779.2460062150168
39.14616285026703,32234.720314495728,5.597544949339487,715.8108095671747
43.72348679961769,81178.86313072927,5.4656722801038145,699.4779597495852
34.773147246743534,46604.31244966368,7.495274235055384,688.9024087063701
33.30449284299556,84792.76181581248,5.856241592154806,683.6504630302057
22.872812009574098,28795.67212566734,6.995772057042636,739.96830008049
36.81314217861419,54020.27023878097,7.061344661420618,669.245081428629
36.896404990223886,69624.60803760483,3.3501196055515905,722.4517584798036
43.68702675231683,53344.31800604665,2.8399708142517865,564.5323217702746
35.58274330935446,55646.309423751496,0.0,691.2873346163493
23.772315677290052,72291.70391055313,6.420631538090421,654.0088787885942
37.83068588009989,56552.81153054339,10.651425213265359,676.8483578766096
46.997297803441704,22183.183935055487,9.569233950918179,736.8063390500446
43.86759054404739,42489.906962084795,7.199556338962391,657.426223317891
31.869577140737945,48156.953289991594,7.144947458256652,636.1017287093939
21.49900881873579,83821.53556480035,2.0602259366059554,701.0018195757053
55.350733027310675,42343.130902957666,9.160330849782856,718.5689945100212
38.6653140723723,10000.0,6.180043101965391,658.704321644845
38.04435522813816,96040.39247526588,7.222861078891342,725.1309539092051
44.99674019871989,77934.89210899394,9.605106958238698,653.5316449017463
18.0,80108.15420973283,5.1295316007621965,790.9077959330878
32.09934226062748,61571.68683047285,2.8209647531880746,704.0276477810645
36.7739611463694,48354.75687425851,13.712291320871248,609.823829901887
31.453026970403226,50900.25212801748,2.2864373728437655,726.4760069198975
37.34298360376898,57282.35142277228,0.0,667.4614521600191
28.288512048693285,102043.29866898911,10.370635022552053,728.5506615535362
23.507960028117058,81522.58140073369,10.368228100505227,672.5012503221185
41.351509468144044,55261.0785135088,9.178503249255971,746.1055556797567
30.929217636496748,45434.457239836105,8.08470300725542,704.0501526115204
29.0802119227002,46583.10307989452,3.478529413011378,729.1752475623629
41.94670611628408,71738.45571248252,5.694542002273135,780.7407468738214
21.77804033912551,46773.31535459404,2.589632626430159,666.5566091297097
27.989591760121954,54793.706814396974,2.0738064062217756,632.2564278374693
37.65317680077983,67407.02730405658,9.35714143597466,637.6357557270603
53.421506585682636,68463.23210082935,0.0,662.5946452039099
35.52466798356244,39688.24173423353,7.9768804771139825,607.1342732650919
37.35569870639894,76741.74378504869,4.755402278082576,737.7934003798204
37.87290761036364,69543.38499360565,8.21557023503585,629.447721108783
55.22108950853476,70346.84685392209,5.866239548521823,701.9365678060155
48.68784631903563,55377.23693449904,10.88153076010775,697.4553138993151
21.849453909624206,66387.38173484187,10.743208171397303,775.6517817655889
38.2401252418998,77083.66764339386,4.2748180883049995,772.131868915638
33.902658183698165,35676.29255855126,8.15608897058016,547.847598325073
30.903510716319982,67231.58730041613,4.814255973007876,760.3784588102524
25.306014222613793,28356.04573417976,8.99138077961744,593.4578953882824
34.85665995488089,62737.15868742802,9.224319565122471,751.6829134994473
21.642794906954308,43480.12195532453,10.010042888178994,673.4176860982685
18.0,71897.60052466276,5.420715687961413,665.2352158504092
59.224479010834955,24055.37346821971,9.951575523793784,664.900817506016
24.527128536161896,61896.341557795764,6.039881541044899,624.4115025937238
37.0085029727593,44557.790357116246,2.6857598594381833,648.6523066124521
45.89217496710793,67246.89840196901,0.0,767.7653115116375
30.876631277952693,43709.856687726264,6.211736296214167,733.0487920889263
28.679141771910892,39953.30325066363,11.794487538255694,565.722926187107
29.565044920673653,36092.346412803694,8.898094376082243,840.5904744010488
38.76069596320771,33346.96551754486,2.6258157310419707,568.566889542326
44.81072798691833,29784.01405558637,0.29654684867484793,587.4148178085027
31.956593950820782,53555.56755305515,9.09826073398991,583.4173331445996
32.15115933617425,82218.03174954106,5.4707597482622665,681.4090200009365
33.83800715640246,56619.561586999786,0.0,715.7078097739286
41.32857914607307,47376.89384595141,4.811529705207634,766.8707132108168
33.29592418835796,70917.43976044386,12.913861555219746,724.2862546325754
35.38581122980917,78737.82689198162,14.872565578848503,798.315911118164
45.99979650342084,47455.286518074536,0.9422186228429421,741.3022167032068
31.929167816654232,58282.94720152849,2.3010630499995717,696.726126476448
32.44176865757418,32284.07826220204,10.304449066872099,690.1906287396798
25.734668888428494,66083.22970164346,3.6185102861403458,541.9753416795238
18.0,68466.58332114968,1.5102938492108668,732.0063772620205
40.88735622881146,52611.378642036514,5.570867641303835,652.6800592937071
18.0,43815.9505254856,3.5167138125476396,651.368067813637
27.316443404520875,53689.069164340755,10.269932865058443,755.057907025108
36.61524652153847,32464.032844801182,5.447557252947431,633.818005979959
41.23291066251971,31082.430377177698,2.063112492524626,640.6509120880219
25.13020244203928,95443.90113851143,10.654777426504074,642.4514341175842
18.0,56981.86017043858,8.709985383698655,685.8210660573714
43.187639503474415,44064.43155471553,4.130174158031717,673.4568945280574
30.31574302100542,69202.72705753082,1.9125492326982512,702.5754140169403
36.39111739761592,52374.530498272274,0.0,673.261590417815
37.21375253976228,50691.46281115056,9.208343496874587,602.77013757652
31.250553101508647,65736.34913195735,3.290552657175228,612.2470349177939
32.48022621793115,64606.156344483745,8.246435002998405,668.478934439565
32.54449834799314,52498.02558336436,3.873076814845331,557.0484790029618
52.286976444055924,89190.69231252538,13.395127631016173,685.1229535822289
38.369566760601906,46766.63175046012,10.576985032582487,634.3126073787575
38.683566127006586,43703.932977951474,2.8331678448102844,710.2174232016389
38.65363742063768,56319.49006212007,3.745077787282956,658.8945221186851
28.59509928144574,89461.79789545019,0.48679305578767273,716.6476865532097
29.05599647801265,51432.971309781955,1.561409623964817,635.671284811601
41.653851089727866,61093.389982436536,0.8898479305674787,735.1500909984901
37.470067074841744,31282.595395101263,6.119588832270402,760.3091422009744
34.60901078783447,88332.17816629844,9.238182062200497,663.8132021156762
42.84844036608135,43895.481116595896,3.2566892767730438,677.8234382890427
47.597058528804055,45518.30436106063,13.192009880408849,718.4982972516742
40.32309185553349,52584.62846651986,4.831614547914185,644.2694408531078
38.92827468259919,100749.00001306293,10.770688933662651,769.9000464667707
29.78677081362715,37497.80715610608,8.87824732639174,796.3115325404208
28.830204962452225,89805.32854721716,8.761000538303527,683.2409264692853
34.4941259856657,90039.5820932593,5.56759964592044,633.1673377765221
19.143966253997444,46168.43729304008,12.39696463631148,679.9929770524589
43.39922605132798,67997.55946985135,10.037940213923672,754.0096128947595
30.065317908461243,88606.1421195667,9.01088521944397,670.7559885063612
22.130925594636253,32547.536228233694,10.36824166712037,558.4260905609157
28.54403397542328,62955.08952150702,0.7144233445976775,635.9539459861891
40.45793759849953,49077.08815618213,2.8369928717740347,650.2255328943951
32.5472215405789,70703.84613459239,8.297947756580465,682.2281609226179
45.4553227478968,10954.864620428874,11.913138357537965,647.7125112475311
24.245802433811818,24218.973845843448,1.2466156955295453,658.679280340078
31.808942594470253,70342.49664035115,0.0,639.2742276224237
38.26298943431561,56495.30831789745,5.162042688150889,581.1033950677956
31.928729269142146,39538.13009689839,6.583995034256614,725.3754769430032
47.02700806536146,51135.73958483614,10.794688788253467,788.9692646822568
19.371156546601505,44939.94974562491,13.077691624058412,697.9612034221925
19.32941749764562,55110.816855835954,11.83446738918807,681.0118099573226
27.349038731025832,74090.1991124203,4.277498599260829,699.2940762580632
32.03429046465292,76450.66729420389,2.6333614755856156,675.919822631065
51.83586209538022,45307.11620768587,6.250133651335083,746.5242005761173
29.64912846623288,10000.0,2.5089701662121335,658.3402956940834
18.0,22939.998369431232,6.031299176997852,634.8558175661888
38.885516812792154,73700.4038146517,9.934614380843566,716.8637373503648
28.332491497931443,65841.09301097394,10.076157301121128,808.5672263721162
33.08695675118385,79399.26589554109,15.430796920105475,784.5034297220092
41.66572668609533,81304.73257488562,7.406416756106799,717.9038046466065
36.138751941420125,54735.52848302884,4.6902374897531764,739.0138339210292
36.45938294144774,45924.845304745075,0.23506666654392383,604.1755238887258
29.93397304028797,71388.1224172959,1.0156213204727775,696.6623033895453
22.853316726914386,85559.42357446032,7.283805682257779,675.5572679320898
42.58353032644065,69248.60236986072,6.742614141781079,762.7532751454279
25.87122013281173,56589.92126182899,7.226310150658271,697.1341049259751
43.952184022261804,32636.943437860067,10.28097490814849,628.2552640500313
32.97086015204452,36758.429796204124,13.36206364897032,653.8423713170912
26.025070291453375,69933.52607817862,6.713230412634197,581.3200380206586
42.268728636964234,58620.11073461694,3.049779419116759,644.7632661022487
35.44217002900183,58319.10629804103,6.865401291917512,629.6651321590512
24.355272538738276,30753.65143416085,9.49575301674402,682.6306373728097
29.22105891922344,64329.856334990145,3.7734111428331696,705.1708573068023
40.24187842812771,49718.48060016276,6.312122902080338,762.4831394297377
42.523837327126785,56219.5308486733,2.0857058365401806,654.5774990989595
18.997941509565226,59885.56564551817,3.006342633302465,701.2813234683838
32.9355424158946,29138.327839684196,2.9488933242008555,633.5920524308426
37.11460152363917,61586.354638908684,0.0,746.6405499093385
40.62272871914493,38663.0419524909,13.613870434502225,663.7656124910679
20.17814602557179,70544.33072912252,3.8573309150717385,690.3073769119773
40.53876320278832,72270.91015462334,0.5840230560223496,643.5691444665378
18.0,67175.79543058513,8.418161596529437,752.6828943395944
45.77478542719683,87402.12278917288,7.677098653601037,785.8897270762161
42.925074116726066,79034.60062079102,8.530912411778234,625.0029310530123
21.239566684268517,62542.649686220546,2.119807993511914,746.2910333109335
18.918141887884584,54103.42231339587,5.346694872738323,667.9887969357094
40.54330004632391,28759.99970844419,3.8498289257482026,776.174293570538
33.852220509980775,27395.147133776736,8.137256513087925,680.9866390096817
27.074741695420855,50246.3272318944,4.789239072198555,684.6652917809577
25.573200854686597,87183.29937655166,5.770533521411148,668.7044258000783
28.79801545446084,39840.39974645902,4.579417220619716,799.2655542353775
18.0,48337.504682327184,8.406885490422539,659.8615840909689
37.369486115459495,61812.4405698242,5.824077080916198,634.8349945854899
31.567442381631338,53736.40343667137,5.9752292219602525,631.2728727585754
18.0,66294.84516980813,4.387857142543824,602.0379992455713
46.28018857349303,70945.45122338561,10.620565864779376,711.3334365145026
49.28338306263913,34246.26624658605,14.254165961893563,739.3119450941963
28.838072600093057,50977.27644316761,12.59020643576627,561.0592271708447
24.54737218601526,74900.61556768013,5.2948481613820135,793.2656531130182
63.57438423139865,94292.71039766175,12.584021307951144,830.2355602911334
35.20037290866312,26787.797985781468,8.900311132595503,544.9552642891108
45.33786167938899,57041.81249776164,2.5056242621296323,696.8800622469145
30.242508806873825,29443.623079347057,6.219833798689838,696.6872004960039
36.59991613573438,82870.39019220122,4.124402112463137,666.4494733596122
26.824416016700347,54916.42413174683,6.4591701209462435,617.5386126166919
18.0,77539.72504562243,7.247993447275812,705.2252353651536
39.567752375574116,35319.02953961629,0.0,626.7582216886875
35.46058138577116,42808.84295472729,9.418207833332307,722.3397532838442
54.22946194066577,27062.54181434428,2.0560892663230086,656.7219156585353
18.0,54352.174464371245,7.181867365429625,652.9349057702443
32.635535800354866,63460.71949460801,2.9668943883079737,743.5802382409917
36.69473871193261,34254.981074687545,7.006449012401427,608.4176145052741
28.339841860396035,86399.9078676228,2.2227394639701887,675.6025373275705
37.42496791271222,15454.425492652743,6.029918585716189,701.565945313965
34.20281789093601,54976.60021986251,3.9871317428859014,608.0589145160985
21.691227473865094,54654.25114218025,6.689186873763961,733.771990357578
53.7837913199313,84133.77701832526,7.525087991735016,666.3146058008894
26.331476400766455,34967.32393680852,10.509545543735975,682.8231768693726
33.17500157349738,29658.231937400487,4.037909987629309,722.1839296276606
22.1685219739634,61459.10585800089,4.126421346287036,747.1169175717907
31.05427148130606,57069.14329787395,1.2067676996671768,710.2870257491295
41.04993375678873,55426.14980710222,1.5857618760964005,716.8937369748799
27.492753817348877,70369.67474681197,0.0,801.3838656366806
18.0,46790.86817921971,12.505969308328476,698.5225269230615
37.52884814969899,66447.90216058705,5.42346339693498,790.9353702344858
52.396480419310116,32712.20693898569,5.100364272605567,711.7260581425782
18.0,50304.01211771164,11.556797223461498,586.8591892784467
40.09898248476536,61311.62508394726,2.5468908311625817,669.8929577070253
33.38278996958753,64592.36647293878,6.676941263965375,621.7591795788901
49.90124342296572,62826.27200854692,3.3617684254289197,555.5677553105927
28.916325040959816,17741.169043353577,4.131896419680956,609.3847932771179
47.328637433090094,49258.06383608865,11.404189222537248,673.0225708995625
44.918943397005954,87384.6960678627,2.737254839346519,760.9263706440207
31.133163575117173,24972.42949046396,3.430338344433104,730.3351732582903
24.046063107839633,82392.5173806921,1.9183729756447558,604.1742654125521
35.283267450829406,83540.98916478417,6.884396187072858,597.3425457314773
30.356196078045514,75721.55901149579,7.274506271220999,596.7625025363329
38.34295128497715,104785.08338046716,10.037585283766052,598.9448913816843
39.6549677416628,53705.998369009525,8.703939257415815,552.8364233700145
42.26029033039141,46727.68295298585,0.06284084985396987,578.235228138057
42.798696125227764,34274.77423862464,3.3852113048699595,681.6562938103225
42.50148263232334,44166.91481202209,8.88329238674092,613.9396196894389
52.09943954012071,45922.80283291627,7.764302720684648,719.5980913352122
25.771135581047325,58026.93867313482,2.7547306817039883,648.6338481153308
28.04057388329297,67031.00004687838,6.645623379080184,786.6170505702916
38.05328287348692,17961.112955757766,3.38901075567584,788.322264014034
44.83239969445404,75759.78580041553,2.5535955152807523,768.3913637749135
25.15005072275558,42059.6675609708,11.557380483220216,704.2804012954532
36.775911169235926,60736.61740293352,5.8984103869956614,689.709139388912
19.36294881456851,61453.528730739374,1.965472869703314,464.90116634469786
31.514130340450127,50862.57853811218,6.834993471255644,599.9870831861803
37.3216132306672,18835.248899919658,14.565088861816061,681.7218865447636
41.87692185117782,79726.86325221881,6.500224764447565,774.7756501320514
44.15902542356013,62595.04376997394,1.0873078217978671,684.0202605080289
39.201885987249376,62657.90190323384,7.755915534407302,735.0671206937438
45.684715559890385,54903.4325544678,3.4652480634453595,634.3451912115489
18.64536751542142,85769.30628057048,10.598815131871287,704.7103564343553
18.0,119163.2182783299,6.29518725538971,733.810188791353
42.31813394320888,39939.065216135525,0.0,664.1837784115631
47.479499850594316,45510.175411458586,8.090619243457683,757.0688746051819
20.657777925423968,49107.28325612575,5.423423364763963,726.6735577362904
32.46622431051985,53696.76763718618,5.1396251544534275,673.0475541525059
26.777499827096797,91293.50697857939,5.507414842803153,714.55259820514
34.57421378955556,53779.040285781855,13.424239525266813,702.0596595966365
27.57321145298847,59137.14634551585,4.1431872867268105,720.2532963289898
42.691475019668076,43295.729958796255,7.678297685604019,783.161906801977
18.0,57731.490349828266,13.528721174692079,750.1273608985223
24.844209187924584,48534.34802967275,7.746550310745956,767.9643370925743
37.15698713885952,49705.3916221279,11.38364499492856,628.4049160333058
18.0,76857.43236185424,5.489966163807371,656.3529014120496
37.23595548774682,34014.06328172385,0.0,691.6037290616988
31.22193467241728,76512.70802557725,3.5395459642986573,676.7793136857789
37.78143726454627,48277.50794747313,13.187118095165706,732.6241458500731
55.08755386185139,25996.412595794747,2.4311081787119804,771.0961464222678
20.952084523896726,39779.32192746428,6.729191129351942,667.9244518259893
33.28767255907674,82612.62200698949,12.29086710294796,671.1275189333692
18.0,24941.178255055187,8.868001738862397,649.7917876462542
36.04690029888126,31627.30228021256,7.699540783605929,794.7883923281363
42.66822871784244,59477.85414136115,12.571270671393876,767.2414641815161
31.651149700142252,71035.91819800895,2.7979715976173254,685.79328477799
48.03565067808087,81100.20977692849,9.147448959369047,815.3446291479984
18.52503700952561,49538.0543208805,5.608694271855608,715.9202557923186
20.528875275769128,49944.8461893115,6.315208961889767,646.7559479042877
35.06339062362269,72733.80150812192,3.835305545916605,703.0331482644416
54.54692515411246,44887.74594774348,14.71955723312786,673.5320518787814
28.572164303592757,64548.9920824921,10.587252126543035,654.3784001347296
40.969458973088834,66456.5624677531,7.369598391803704,708.3511580880116
41.14099177112624,40829.770263621635,5.405061636931171,743.7601483759819
45.460522510478995,72084.85970636983,5.517893222169124,686.7901194976041
26.49180377617307,52162.18002857713,9.553817723881687,625.2436284735326
46.71247093467319,41902.08717380056,9.326232089935274,658.2578579261852
27.094655502770806,36496.7855510556,6.91220598810097,652.3094882962276
32.7247058463678,64541.551818604225,8.842009654654566,615.5487831822436
31.650679627263926,95572.91674849184,3.2006903012077697,604.3089694634647
46.22559870149349,70167.08467088804,12.227925341962795,697.4748275219409
28.23753302636385,47953.96706579751,3.6695889324150737,653.7611062533542
45.30195403152731,80741.84519893823,4.144869500712821,593.7809389899846
27.986558502361582,10000.0,3.9947826865988483,765.1079274985851
36.52562512102469,37051.585584571345,9.281702517330835,656.7060624510478
47.9934693055354,11195.283614643427,11.488068692132313,606.7427433044138
24.76352238300109,66993.17748440716,3.6449366880913088,613.8223700166162
39.523339506431384,58328.97687896456,0.0,566.6777222506743
49.680818226652974,28216.90050520849,9.818770024225149,685.8917202081683
37.912052011314934,52197.297431439874,3.1960996476496892,679.7390240393593
35.67181109653981,41552.123106119514,8.00756151869252,618.6998021562781
32.47937184596644,30559.912260804136,6.40183708333158,787.8692538582571
46.78184852817185,72963.43581014579,5.8833106280048675,616.4146367427
42.492229272008544,31571.096279474623,6.389557100680707,597.9155307347085
34.92273718894318,51497.66094656999,10.869365125628768,758.6106558456054
35.736565949921946,59070.459655530234,2.1258603077919753,619.0827762477383
34.44054567954732,38523.42468186977,14.887969156738109,633.8637676472406
19.18047482562101,10000.0,7.595850600426533,693.7978257292292
31.924722352829843,109556.61419736344,7.023445462760272,636.8460011271746
35.4630996479414,43550.48401730846,0.0,713.3264520745646
23.23385280570698,43713.73524477516,2.6281605366164356,623.2026125048251
28.52540571520481,66474.52913302583,8.996506357226494,714.6638328429609
29.92599423599575,55978.76785416223,6.242716388148271,716.0431711576434
46.9662786898701,35064.584963896894,1.8559919403455956,673.941276998637
42.143964826306586,43959.47463681156,11.265392804818644,656.7038993485002
30.642699118332605,59007.99000960585,3.3403406878425823,650.6145493605374
49.77393634170035,27011.885634351576,0.45557089191619404,714.8526988558727
23.126768909377255,73978.74988633518,4.167160503122045,656.3186969737493
31.625235968733836,92690.19392029892,12.800836354703353,636.8672004425129
35.2526283109839,54785.10859182611,7.688766600577258,715.1950469585507
46.136597067412985,31428.058999978806,4.614240644974622,708.7536781877346
18.0,28000.762919904442,8.633389143408873,691.9100659896926
24.210428129513662,23929.649155093863,8.52772164155836,575.1622200195148
49.26984767226469,29923.409150941774,0.0,686.9758482422637
39.96343034340732,74805.32995409887,1.2917139773990307,772.9791631831375
34.1514946833799,89222.03120725742,0.06711516441526744,699.3201934123119
41.662872825131444,56621.633688231464,6.121775694708127,630.5062341196012
31.951321370065926,92670.41260688088,4.844125188333178,696.2817370923282
41.78523951400028,57937.50346243637,4.829477209549117,678.4168483210024
18.0,24100.40282376791,9.544603811933092,673.5459846923427
39.173708030318295,82946.56124938988,9.280864619533041,701.2651643197825
31.51227318798698,23740.382967218353,10.18043767505726,712.1099872700805
34.288330111469136,61001.715516771335,3.2150106822188564,710.9319371022416
34.06014567215379,51934.52419075534,9.220029934625103,728.4814407687169
27.550170612743585,50437.6963656872,4.622131291700734,699.5237270651194
22.24313676662078,45436.70150967691,8.996119964466292,670.0928209896551
29.586856445643512,96156.04469170806,5.783380543109857,595.611185479706
52.71341242267684,70634.80456095634,2.605884342920289,663.1991375767622
26.126099779975462,78022.91096187657,9.987268080092896,627.2721342538501
46.49376840957818,41610.85573578904,9.635483533137865,645.9011459368946
41.6252612978128,24466.087689560663,10.990967487445552,740.5714231915726
47.262929556489496,75340.43612836383,6.921472076558888,557.7538096585729
35.211986435123656,74705.07818518979,0.35864725567430344,740.3105333820283
33.140433228139514,74877.69206955848,14.740103378313288,777.3319699403626
31.83875128031513,67261.91381550166,11.539562002410415,666.9100726801627
25.885563768627097,84720.77787030295,7.951138583008859,630.3524086661947
37.5649197844354,63513.2762527353,13.48255702738369,751.1677904872521
18.0,46943.50657778364,5.370893427477537,654.1509107573571
37.56658730712262,79783.19996840869,5.9374715417467785,691.0711844416437
22.557941211391306,52001.28799064867,4.563173233391422,574.0751216953981
34.216269718742375,59278.18018989325,1.353739467049233,663.8170618235065
32.17970952210055,18522.582899591995,7.160537993692111,646.4365444696746
18.0,49826.14041516286,1.689487371601686,721.7729331098146
39.049823189246766,51603.65927809853,5.256562524703229,636.2079450242455
43.0117837228173,33382.445004686124,8.591932254776237,703.3820534234321
33.88043165768353,77528.73736008606,1.6665841675894413,674.8898487345485
31.355617477355388,64972.71734503691,4.173364074430442,684.3238611493729
26.870259753598194,38508.907157341935,8.748043832449527,750.2636913597111
38.90454932053882,35360.553887686976,11.120517075886436,672.1899523881959
44.73894128217401,53762.3352974521,7.2486944754061176,712.9182843100164
42.298287890155294,37483.20091953817,0.0,703.3774920733407
44.476496098483,47756.17731890038,12.224416953542125,692.2247737385679
33.118081429489195,66493.35680962683,7.243119827319653,677.934673337241
32.43345883600247,28473.026639013107,1.3947620023705438,687.5945481365102
50.01601872631193,53811.12070090221,3.748635708848573,762.962615159697
32.376218692898334,61232.495113491976,5.752008762523841,699.0535408095866
39.87883342019566,70013.99963356156,11.531083645671078,751.5828508237374
39.7113629339993,45302.0001444233,0.1356729510414274,599.7608892180289
40.60329178232257,43457.0564489029,4.296485065468415,670.6697918444114
19.261410694641146,58996.49393303178,0.8778136896505142,661.0333139292385
31.674368185216398,48200.35798206425,4.200067953483277,642.3129703444166
47.05853620888234,95896.46496953293,10.0512366168144,658.8658928603205
18.0,13178.343137267439,8.51760644824826,782.6345545395352
33.97337908959367,10000.0,4.4213003794442525,604.1936852069671
36.97790081941852,22135.060602890662,0.0,712.355154815485
37.15343793288749,50349.336011065476,1.8645452693045463,751.0990394294553
22.83396284710595,45231.76687868927,2.196864218391307,644.5793759272012
57.99589093037319,57580.8465717447,3.4963750842034442,645.9563494548318
52.97594522434315,18624.84461752163,1.6247499732391626,797.3853063940745
25.41117399171001,44791.183021854406,9.61635583957488,710.3880292750938
21.774588667083208,84808.83228201048,4.311838261974928,715.2933756387761
37.036331787098014,73993.59805632717,5.005332431570557,677.5266528682207
44.661296810041065,81233.39953633668,7.899159274737485,689.972983672288
29.79411587144589,51235.54957416139,7.199409376696314,706.4248212643878
25.85423721672649,66523.89378686986,0.0,638.9265141253948
47.70042933926925,18863.369956915492,5.399371850034744,661.3619237497012
36.547922445238385,56040.322185246536,8.232366210894568,655.6964183186107
39.987194410697235,74474.80586862663,5.844979959910714,604.4540895938964
19.320695835695012,34953.844666988036,3.762964720521005,746.7519110217476
39.850938684971126,61005.868748823596,7.345196856036239,662.7687476736539
48.28960590436989,61142.16725164843,2.9968069068318033,724.88148846095
27.021172363815047,50116.26161796662,2.481871946738614,746.3856083581111
37.41659719820838,60776.76703318752,7.772164697023632,672.2049692012596
24.37585588140437,40274.702197156104,8.119562198399656,610.8683331874454
38.989819007023456,45433.25223017279,0.0,606.7227250213786
34.67662881304785,11718.462570538592,3.7791596119936646,679.3745722053062
32.979167546105955,92843.37660799212,6.959557920472633,661.0083328915624
28.439450633590326,64288.99914990841,3.842639549833494,679.7763201208581
25.66774449310665,98402.48285861689,9.276120360236215,615.9546085414134
36.79171774600874,75640.26195358842,10.666160805177544,676.1453108927936
24.52791239922964,10000.0,3.949147775462205,693.6313776884517
39.914525899395905,69299.03782079993,5.857067726877238,734.4472269921204
45.526444176155614,81747.35285804825,6.114327078197779,624.9622820053046
42.497655536581235,31606.71207812966,0.0,652.7445946211144
44.27742399551205,60405.89893415661,0.0,622.5221466485797
40.76289191718211,28978.311287882374,9.938091891979546,638.1064256344484
33.579603917670596,45447.493932908525,10.255246706502028,684.7622099610468
38.786393238380356,86194.5426500258,6.330216154481272,690.1793071306562
39.82386237332452,67595.63648570559,2.79774826902065,688.3790027888296
38.79280034365163,77356.68801099445,3.747091692218416,772.47742830897
45.03205869617751,44117.95636771976,4.672582355703361,799.5939781702806
32.67874309504643,45466.13190071126,14.418530394451896,690.1764776557978
32.00735296114743,61493.633064577,0.0,640.6329841974147
34.57695274327401,70608.9636122014,1.9274002599882358,779.772904689233
40.42195285724256,41936.14187541694,7.327286187106809,694.4600177848805
35.32107673970935,58795.13122325305,5.494611955489825,601.064641940598
27.499982637514883,50098.648568132696,9.628030497319983,706.3388717280216
37.35289709169869,19354.51845185517,2.1548960561733375,692.8604911704504
33.40351692577983,81822.31223362572,5.31458141648747,627.4870203043874
47.884442493182526,54590.08875654339,12.659771404690716,641.5444754292417
28.49436379594408,53739.89968326446,6.242547590361123,677.3356371026491
40.4259446329196,44327.31501681301,6.869286509924194,628.9767019964816
41.3128822583854,57964.461923669565,5.236188948513976,628.7177298416264
37.566944990430855,84395.07875970032,5.267251605737732,512.3299565360595
27.376765419723476,70531.3110342315,3.8326236424804936,679.1864496287463
37.34431116482098,61762.118430126604,0.10228748799172838,660.9684204581174
47.86842262645503,60130.9644370833,9.699536775677633,700.1261640069677
19.342409278194857,62142.83848857745,6.539182416580592,665.9301353772676
41.90091415175395,52497.43943510524,5.963496026109485,638.0995820856601
35.10335563182355,73851.03102330568,0.6635907660796247,623.3869508225406
48.20661655528167,53940.82672673944,0.8490614923970234,676.6142342482196
35.70135518366127,78238.13126093172,5.63248290922881,724.7232591851077
26.052729810441736,73739.33083828684,8.110991967997617,681.0008707328462
35.789887163400095,84041.76264078628,7.028300794699719,703.6961727697669
18.0,57650.387716561156,4.055343223309164,684.1764025246483
18.0,78991.08939651653,5.9541423133594495,707.3526810773657
21.501325877042838,32263.57154973143,4.148361083085629,717.1824301282624
54.6612747137559,79316.58719494176,9.506826309503456,639.8725279911711
26.318065693592203,50944.61288672363,4.3515733092255795,675.6485844927356
26.90900732805092,60135.17360075836,2.884784686096835,695.2712599394367
23.662289745802717,42250.37101365693,8.155615764459467,717.600114296197
22.270475712602675,38400.544460404504,1.952792118352317,733.393961794612
31.62674837931494,77591.61708454919,7.148214059890945,674.475875316855
39.3751224861987,51834.01653100549,7.087759013544357,617.0817590344751
31.333212063494777,12219.905528561365,4.187193415908992,799.1961843014743
23.15034791715786,19266.70946208964,6.016636555124625,638.0032798949629
50.4708948613161,68080.19280298674,7.568413989286993,664.9102625234931
24.765025073781352,58424.81649201143,1.9599573553036995,671.4184238130255
46.589495823769,65446.55085709195,16.444304913637048,678.6225371930811
50.11136566359134,22763.83464797143,12.487227713235267,700.9303258141545
33.281412010130026,34085.79861343275,2.244365038466814,769.2870161941602
40.7733274178468,72385.99091937701,0.0,825.4351139393062
37.93076653266917,75847.12131450552,5.16696466756887,695.6699661727419
20.29193705497342,44209.4506045921,0.0,763.1557366683634
22.405869332938664,62018.25939620205,4.548817664886672,624.2970457681197
37.15302629941512,50895.35656125265,8.263246288347307,745.7229620744035
23.11119846402395,39017.12333943056,16.737506427185345,684.0756095056861
39.28756438461613,33455.44251050483,1.2660471565245528,544.6358675428238
29.57442179888175,62706.31902946982,3.566929701150007,728.1469012868495
22.219116372881967,98238.83562377005,3.6477449835171556,646.4704856920199
32.02676637302365,55247.22263810519,7.977766196851507,710.685354063552
31.733766664321966,101719.91907894536,11.90590962366689,670.8627245622544
40.72095723598482,64040.43271568453,7.921887042103074,717.5986612133864
45.65685174720048,68522.4387060015,7.908214677672823,661.8126398380446
28.44256537567686,97854.97079897491,5.003662956651931,719.4428314958863
41.5394782092294,65425.51860908177,1.7208128007732073,680.9242396694871
40.952860603380394,17221.0514591467,5.563042635012012,773.1006356572951
36.07534180053634,32107.995244263657,4.621931045200669,634.2593153192929
38.415555509405095,83526.53953800068,4.571869402587361,694.867973471179
38.84723314585234,53936.29696565844,5.680353023573992,722.1677473373251
26.73656823171092,45132.290629335796,5.051896612236124,781.5893053560281
37.56458910858533,34416.163134578535,6.075959073381549,850.0
34.568664103590926,57153.726389899384,9.153794201169504,791.8173426294384
37.19996683971765,48438.607531488036,2.7926120398400425,718.9437128335335
31.305446621762517,40582.042646911876,2.7023865184549316,706.5850886791671
31.02516665070569,87653.9917093302,12.344758031140657,783.3827258582523
29.381934564744103,78176.01721268024,4.494040869448952,732.1516001938328
18.0,51779.19438407827,0.0,786.9818595554565
28.47083855335288,30742.187309162877,12.970161213369622,615.8480393877885
43.29121071066053,97407.4049808505,2.2633725510320275,727.0029349311623
21.32057722618137,30732.066511815974,3.9047955954095515,656.8179866835868
18.0,21575.312294408184,6.037211693281892,704.0078466505422
36.4984241398728,44262.61734258401,6.522457590317219,555.5921470595342
38.36583126605435,70592.42041471798,6.474136965785355,719.82807769947
31.81326909423196,24907.895426721338,4.853963778487236,647.4760629495149
20.31360569684708,32971.71577638433,2.9595942356830114,570.7221103238302
51.00875123677092,17333.43197546353,7.947791041987232,752.0277016090115
24.06528629538017,57335.20175745133,4.038449560945948,628.9494274428171
34.03821063076668,58046.00745094639,9.166032687786078,707.5864280266713
34.49371886943009,43724.460420090574,0.995683039724188,776.5283298384114
34.79293635893766,67664.0086941862,8.288553039586033,655.3032162732892
40.78398198016839,13712.719803158347,4.060735910006617,703.1910761259472
47.74447216941239,67656.78264703216,6.886475791397248,730.0660492668618
34.362457350093514,49458.6138592292,3.4885831486371375,803.7102943100689
45.448728124544274,86023.54265784522,4.15590419335154,829.892672134298
43.68176779726669,69942.46476459551,6.262449108868753,663.5532682859226
24.972214437208855,49956.474720373066,6.082783936985444,592.5946329850422
44.89583934594853,16369.277872532672,8.67901638684767,596.5605950917952
47.14189828928502,47176.04993358678,11.359519145776703,713.7952533348489
51.1191047746749,57599.32584231993,6.6395068852093235,732.8052714112384
50.73354902475242,41776.86542772717,4.877710447782558,719.0081417348171
30.774390172012538,44152.1698106342,4.852246259185846,610.8114313717259
41.62665970385484,34897.87222309245,0.8235697399098347,586.1613429956244
51.647760587482715,89633.13188650788,6.737574950354488,648.114278835639
29.58399698566079,64350.99583950846,6.051049914614099,628.2911172214144
23.97862970736476,42499.919076010556,4.160609129414572,713.7795900220793
27.447805805829795,76803.32067381324,0.0,666.2803770096012
40.41131610804531,29777.5253730573,9.457635410674976,638.3332702620075
28.239826943186312,66521.39007122781,3.6072793117952138,668.7816377887679
36.31485816805452,59339.23647229049,0.23162801076049977,688.8660537490439
47.97057196491159,74686.05310955123,10.008829657751459,695.8771404037095
28.082302569976868,48018.11673320165,7.890878509475104,562.6504504450079
54.25012801735852,53224.52641244894,8.302115407653234,725.369470625181
35.49740665444598,77494.88397803472,2.041389414286399,711.8625679704489
30.47381060346056,28084.08804989985,3.532355607526727,666.8502618500205
23.98378170425738,72880.48806180517,7.446750861355437,710.557808133385
18.0,67391.30412251085,2.7749157331915066,547.1182246829148
42.725398075827606,26812.612248829166,7.151999021895245,637.7338712359002
26.346571678981658,117334.0848264784,3.803181474298537,610.2200855774945
56.20080771050789,91069.38655911612,3.173342883812445,658.8730193967019
31.29629390338893,50955.198211058814,7.4134663441081585,665.180075567467
48.86992729908838,69046.05574042695,1.896286251442362,717.1647763372822
44.99336332474489,43737.99845039392,3.9750826883722867,678.7945621299428
43.09121310990244,45936.105320625284,6.073794314880837,622.5891815826209
26.81502397589615,68332.37257925673,6.422150228820127,788.6212328970536
33.34732029977563,72080.64122470375,4.973489858183134,598.2504681369505
25.791496021908724,38043.36904556323,8.726023943276484,627.1801176299982
22.651869130885213,22185.307794263514,7.67244838517231,585.6130363963306
46.00370680697223,78430.49018369554,7.740021511213605,559.2996656274279
35.41180020349177,69827.33061861809,6.542117852811988,704.0326289694169
43.719343665194515,52911.77917728654,7.8470312196928464,614.858934278135
37.77289531210847,73364.65053066898,2.991606590672128,740.1719171027318
25.021480167559744,30969.61068162557,9.282219761085354,626.9779895085917
23.82672397948725,73408.28996681223,8.781426803911149,735.7201459616269
32.94838311133956,54737.77138006659,7.0981393484441995,656.5314914805269
31.51630636765928,44493.8599274317,4.901641627732941,775.0524192426699
46.91593614182566,52342.26390755201,0.759916153684185,759.4576618907918
45.258368428852386,39487.81041476791,1.8623527852344823,711.4347181249799
51.04254361517141,49984.34931644454,9.645003203935383,741.4938504165284
18.0,34312.84459812603,14.844810297024896,757.3314203462005
31.99691741763687,25221.449521292743,2.5401620236663485,590.5828046052861
27.14203730617227,51787.577197584615,7.884603253320355,639.8903910864117
47.293757176501046,76975.35244725944,3.6143463663562736,693.1023879652186
36.61662386379554,90267.21635460088,0.0,728.7449750985184
31.526171664014683,42572.06456551933,4.898536761336912,762.1176591081834
41.86953667770816,47583.30236626975,2.1197734461024984,761.047558908422
36.13799565340297,61694.89813785585,5.2844743609331,699.5100524633434
20.782379309528842,45345.25111353314,3.503554662503724,550.9275797532616
43.05678639242501,38855.12389081168,5.520051320662851,646.3623861028018
31.625702458938253,60488.7113878842,8.117796624998485,759.5907602950322
24.676029804451524,35292.43991860238,7.482563589080819,636.9907294607624
44.19423676646986,40470.6079094226,3.4882977879727255,681.8634494217777
21.023138368815964,77438.22138148251,4.37999538241198,705.8043917306023
28.053406466211403,44549.78082383878,2.212297375772457,638.5599530251178
36.725879177221195,51225.025962712505,0.0,673.8967686110698
26.664041169301036,56539.28766503911,5.071355061297836,643.6707808869838
39.35458335957418,101556.10672853183,4.974825563723099,720.9559782607935
37.18688596729013,82447.74868287152,0.0,745.6642570549544
34.59657613465988,53246.341550841855,9.290696244167941,665.2587243354744
37.75472610967784,80324.1755618914,5.7133437790527015,758.9865566026389
37.26786046109135,10000.0,0.0,681.8968372914647
59.9392700572799,46359.20920978439,8.207764071029493,739.1388075966554
32.88266197455606,58261.40415865402,7.511862302094087,773.8201204616934
37.614204127299686,49401.443475942906,6.5578893434001575,704.1117359430381
30.60012295470291,73012.9416571088,8.030451060132208,672.4624118329598
41.16235396553313,49122.66205052825,5.845583616492428,579.0122952172236
23.760282375705657,41895.37762123314,5.0283016735471415,625.795864247295
55.132464547946,54678.44330946304,3.722537585227677,618.5390800843921
18.0,56120.978925910546,5.254119693526193,719.1363270539711
39.54420338214363,73165.2281853465,4.340744714535883,661.8742380987334
37.81206455922905,44881.61917034697,0.7522837551464816,620.2639968659099
52.53691026701081,54774.1830607834,11.943826217903396,726.2190474292746
18.0,52245.77118438866,6.754704593438097,691.8433067786882
30.882505823153508,53664.22642342378,6.223881014315027,654.4527418236447
33.261622999053834,70726.47336583158,8.099896912456753,611.3899155625343
36.01820613103298,44332.24289446053,11.88403165395886,703.3408816828095
38.40440443501545,76545.35807433375,2.8468673968601435,727.7321778900331
39.58559136212169,23768.059097469413,0.0,759.2753359902174
18.0,63380.41207715961,5.566492624183409,694.5675086657074
23.124734240128266,39244.73919683453,0.0,645.9218925609158
30.067781544940893,46223.01320106767,12.776795898323192,709.7236769020725
39.77529337266795,18836.745728125206,10.696797382576602,656.9596829393116
32.35581287275296,28514.763146357203,3.377233644011713,680.3119883028428
34.24228523540176,66107.89814884629,4.822340317766726,669.4733934690032
22.43016324630651,10000.0,0.0,656.8813240742347
36.4116901883264,24612.012948834952,0.0,724.5159755894148
36.78740963286327,39617.39564512291,8.010577395012053,622.1829761149351
39.13792317190214,72915.61022074515,4.348601007190996,700.0791426779185
37.97511071185555,42572.46783904978,9.898756553114492,653.3891793215214
52.007927584283166,31628.570002862823,4.493904578619614,665.5065713029635
28.509402469587208,39582.67655809244,5.744359909435386,661.3710270684248
38.38994510474826,43625.6028175329,3.103681752500717,763.3855529064691
45.269057463206195,26547.828030467615,2.399000088393961,680.5186223369539
43.46583985843404,60923.391692574805,0.0,671.2696521510519
38.08175088725082,85549.04691959021,1.9347268394849877,653.892485233779
24.529082792335455,31817.938132647967,4.66240238461098,651.0063243122283
47.89929698618241,58412.589007691866,1.485625821162861,632.0120559161918
36.95818387881461,79453.82965141785,7.4632029323747835,600.6286631664565
31.49047617782022,75727.48485117959,2.2877014874568724,698.7855160804856
43.35376993902231,10000.0,5.652312251891426,619.8660118389655
18.0,65986.75836892998,12.884975349998172,642.3318538957601
27.65926531856472,51352.78081394419,1.0136500238285766,666.0927507712329
40.82655241987707,82019.81877556938,0.3520296913991041,673.9336439896847
18.84949109415212,42151.46640583128,5.801943153070387,626.0680145322243
31.20193488210105,38774.07330426502,4.292942710685859,635.9397935133358
27.56411771187436,43999.68843254889,6.174089886742959,639.9270110127444
42.49550538926146,49299.38174898828,7.856842379277519,633.2715655532581
18.0,36753.63750892757,2.43433812970089,741.2233238769187
28.068130538575545,35175.11376000954,5.109803132612682,701.2525283593717
44.02367417135321,81328.79895708391,3.495050266346232,578.9375124314265
38.8930539110441,70558.66328220884,10.550647806413426,734.2048578219445
29.230036286224664,48862.63374879403,0.0,683.7771761129612
34.50074089013747,72668.2434818118,5.208209472259923,692.5845460014498
34.777522051507894,57053.79541908932,6.86709918677124,686.5839180683664
23.0965651183163,55628.13575159687,6.1657000402077715,597.6043485006624
52.82293792704712,62550.937071317065,12.416728480584402,673.6359939596681
33.454943207500996,72683.75477425574,7.840668082781914,647.5018312707326
21.269969831144607,54433.73328695466,7.375630249960508,736.9781174511826
28.457167233124444,61463.95193717415,2.1625010830324434,667.7191400973309
24.29093004155481,102155.99446749438,3.3987884067308802,636.4628907349594
38.91496037348107,41226.559193547306,3.676482739639911,633.6973999400899
30.938663545290144,41985.57538487541,7.478300561568988,641.4414880119897
36.071550728393234,51540.569074700936,9.592687298626629,691.0098994763562
41.82392509812793,84794.44504420744,5.536688398532397,713.4713191632644
25.553720668083997,87338.18397508026,8.052965965072524,693.4538864619041
61.264849090369,47545.06599384356,9.911171854184083,751.8541798677143
43.89127317527007,64582.48435926172,5.97711927931217,656.5090076395696
38.44604904750358,69020.72053744213,3.928616395429858,697.4507600848152
58.3102467155807,28597.307000450015,5.172290020062393,689.7941251230416
56.85863766417626,36257.015869737326,2.2661585679739513,779.1523271977433
19.432840478639164,58212.09978758884,9.882353867398809,611.9994738134066
35.53752562990502,48322.30348012893,6.751690375660608,746.7468717959707
32.0622107984787,85042.30295989226,3.7743434104835916,660.6943184066
41.43938793276858,31236.02621759326,0.0,778.2648475522864
26.062436617055276,39643.26974873576,1.5650954628308433,719.6404593270769
46.379567694000485,29252.18373768809,2.6792776488040344,547.422661169742
31.883605660502802,89720.50291720354,8.469176322646245,666.2998212037957
42.39326025674903,53687.06910280847,0.0,578.9533094609596
31.631680323594072,76289.40921638356,10.532123274886574,651.2139872183765
27.969309191021978,63313.319398662345,13.010833769666457,740.5029941361062
29.996389226031003,83798.86278201322,9.128762815845315,701.9610152461149
41.062911561087084,16763.696804969906,0.0,767.6711826483009
18.0,106438.6029048335,4.43623387807082,678.5545848681417
29.51927066755177,44730.07497603888,0.0,673.122131513046
35.64943087550743,59767.101865571436,9.810702340241116,688.2858611987236
28.116277177692407,83510.82744742038,7.192158859467673,629.4464570482693
38.13819020107122,68213.45826004502,0.0,753.7224838384541
39.268404800214256,69757.45181264184,5.303700138501359,673.4385497139302
63.45294394907639,60620.185109736245,0.0,683.7990083729175
29.772813038303198,42064.82167040857,13.357502264908915,702.2936253016297
34.0158259134222,67783.25331779635,8.953115024386255,640.3353480908343
42.35733360280164,73899.03050338426,2.062632935144912,615.3155318671188
52.31428751032344,49791.765728551785,2.7362794349650805,673.3310361096544
21.411227540769843,34875.167006575444,6.345772553472734,632.3558778921024
24.426132553367207,10000.0,5.79729616973497,663.6069900081834
39.0613725470544,80007.19649033996,3.3043852457228184,716.3926301607736
35.862538362250056,66232.7774428207,5.964190640911117,659.5206972686502
34.719822151042564,53869.82105219417,4.901274284181527,682.8804882924869
28.91752052800883,73396.08680383985,0.0,619.931454531749
27.043211583294138,50485.53613960729,4.542946948909513,783.7521271771624
45.81374793937147,80545.19114424093,9.777649225908151,689.6708987681094
39.42545624204053,10000.0,6.304188470218831,711.7506684453912
32.219037070120905,93466.61358412918,16.516948471564906,612.6748331661443
38.3314253207511,53006.209402250606,2.4003731631569805,667.4047403081746
34.299871411872,45802.44368525956,5.035592376119407,628.8196560343945
29.709615024323604,39653.45613117247,7.290489718063698,796.373681446922
22.229835550297718,37692.44679186983,6.291533918845291,672.7212823765129
28.09884458848054,17712.536044892287,6.110914717552366,629.2666008743884
31.723269056380392,65748.59540278155,7.22210163284309,645.0847032828586
34.6532074998141,99911.3885067838,10.26071344648981,619.5223386761668
29.242414755617844,48023.34610942684,0.5345118080601035,755.3178663680511
18.0,83745.18160872153,12.06906072822816,799.5150112401203
38.30289945616592,70163.12523549196,2.718638709027619,672.4880334730641
46.099696431057,19995.690703078595,1.4777341729746096,693.2477059728785
37.150981358190364,47797.23872845973,8.89041078644006,645.7566960613326
30.918268240110457,46376.81510388944,8.458007922114806,754.8406926271402
33.45389241380091,75985.36697771621,7.183565124756981,675.8920319857901
22.092534630843815,59506.57342978406,13.714170615867321,577.7264637588847
42.75752300449909,63409.64025472,0.0,641.2811718234154
42.58164217228173,106480.47250546745,5.364894024773118,529.5610993303017
41.433267946890446,56425.89226994874,9.48315038740774,684.4097088886075
42.95243012073759,74064.09766982574,7.310960133140967,652.8774862182036
33.95041843999827,76080.83192327342,10.866461835194444,681.8825063693964
18.0,83786.71542422753,8.89707735487098,778.7695249265865
34.72017543469782,78164.45337591914,1.2911315469063096,551.5469977618231
21.923331016150605,30574.827943392578,7.071676497400599,726.8315890947504
48.22135894078477,59194.37828534647,10.09195276430934,715.5339519306274
41.274938966718445,66666.94132329205,11.085204464870738,716.3408534018201
19.396325260569043,63500.45187990747,10.180170173045816,772.2991781979557
30.686605617604897,94497.82170714717,0.0,631.6591137045482
58.09844422090078,78766.99841210697,7.282458908740071,591.8838529086763
43.57975881257154,41460.193047756715,6.612687629038337,654.4634153883545
35.341777157245744,54082.27811729083,6.727777714039758,613.6969504271319
30.378729248275544,55883.75669919172,5.729477842895933,627.1622501148846
40.48427920829799,52513.343583021975,1.3237484799421928,642.4790350063574
18.0,58343.06575169683,6.941248905395972,715.4724497082079
21.773003876455977,76514.11249652789,10.24924954108852,675.6955647566156
35.79215047804139,45926.91907508868,1.7276142333662454,762.3046293484203
26.94281833387208,29647.894625425863,0.0,673.7011073494444
64.1386246600733,64377.3920508377,6.992478236713186,620.9455285111949
46.23102110260895,10000.0,9.23553990415027,763.7628379961413
34.121643213963004,72029.7625382774,8.22295320639762,705.2328242718821
19.5751539219844,63776.97633270859,5.636952226112923,728.0030402314197
31.59493904968161,45512.66371187003,3.77252589901158,784.1374181388449
40.08079105199065,52086.7785360513,3.983159618798595,733.993479572845
45.77843355745182,41914.526280313374,0.0,660.2555138482089
50.16368646725336,48635.87055734831,11.951134388661378,592.0172926753118
22.50940029321947,45036.1515313126,3.0726526707909803,603.025663892872
24.071047589012508,55535.868862388765,4.932143139666047,822.8425716412257
18.0,52198.491175500785,7.862658809113418,706.2490819601226
25.978888618189487,56291.35948774781,8.773087378368741,642.633406602692
30.077529112346138,13645.541364669509,3.289941040918281,656.3817022618475
31.11666096867354,52325.04356482646,12.714436977552861,607.8044846761338
22.18930793154168,64222.92782719671,3.2957887887830597,673.442725394235
46.48742349822743,90177.68163023508,10.466842202581558,659.160567558826
29.665476528352755,79576.3000543321,12.537135374687569,694.3259683312134
33.68862469796655,51006.60401654287,5.924960162305479,694.9003120259462
23.1852093207118,99595.90230389942,5.918312880735109,593.4077416948371
44.95938684822258,84391.41391523021,1.4674388194246228,654.5349834381693
34.49153382890719,14019.177396196064,9.443593585186846,652.4235646717747
21.786359283547306,62160.04868388253,6.234881968978134,693.2585236148147
19.129016992017583,30150.830250851817,9.035184925992638,650.743357650986
29.720823626756864,48966.38447738308,3.0307955294645716,663.2812505510176
35.12578502351833,56922.543787846116,9.416551135909517,653.933150753833
42.715332597619195,50274.671099379964,4.1961949599062685,730.3446281878643
34.36129414875507,32968.62439110388,9.400860208465922,560.1977631437824
60.207086921579695,44057.800737046964,13.752192388345968,786.9155518619013
33.41365162961311,87544.62283327144,3.1780774038785515,688.5093905071764
32.82773841781324,54280.42607617008,8.215432785401276,682.9387167501993
52.77182840257724,42865.023147048705,7.179035448221214,711.6789020894607
18.0,59881.20451963536,8.943852814891109,735.7145669937858
46.091698114921314,19757.63975054912,0.0,555.9960729392931
39.80746658905909,26275.21163374292,0.0,634.1451113608971
26.543389672326526,80491.8133076268,6.999520905307175,645.0595562959884
18.0,96950.21228089136,7.859485223386835,654.405348209789
43.98555280142617,23045.56564251517,4.141822551995098,627.8105812898351
45.81450469628532,64618.51735455822,7.082927435841842,605.9794004605578
34.372533160313246,27876.276281383412,10.029479011574459,687.5947566305678
26.937181793153158,41740.67906060493,1.5711299980303952,581.1567912151413
32.72579369244343,72275.96028824875,10.807853284615502,635.2116658175828
49.2309514951162,52377.94288089407,5.28064285239436,602.4656117934923
50.614382018035734,59172.83812974014,1.6460487054928334,693.0425794363349
29.705605726339265,51287.781303858996,8.992981371314624,749.228367814914
36.00901535147068,53186.38310784279,10.346535261865352,701.6885268853131
39.01928283078813,69922.00669089807,2.943373986775073,729.1739633787087
52.76719847117621,63877.73260633451,3.5471802404026764,674.5361825763528
27.478391319324796,94109.73087927577,12.1751469247342,664.1343679061524
61.34740754415,32823.17237425463,8.8876111354847,565.9274824984236
31.168126788640123,61552.01168542257,4.349074162209805,680.8884210938157
35.24549832403988,54666.02773827404,5.988278296698958,763.5010264040068
25.464291853059734,25896.051610940332,0.0,818.5192710036073
37.893591569571115,79492.5871519961,0.34067136950513355,663.6792955471919
41.50249005578364,53415.91918023977,0.0,577.7438676780021
42.046478322206475,57414.207083559246,2.651364147470896,746.551254544102
35.13375812715863,18704.76502649606,6.738608830523443,707.5000780184487
24.96111863988647,31633.561702827974,3.2773244910006287,750.1518216999833
29.391009091561738,71838.96665065251,3.765456843789318,719.4924786830998
35.55939350132401,58535.39356451807,3.319115626904219,763.5716079926709
45.16977048237856,29216.926893429718,12.316816840147196,696.2638150573106
52.27418286628101,35949.76863812987,0.038454495263760435,630.4152234268158
29.168849276973088,28026.486872520847,5.437190453262765,696.3348248976522
